match_id,game_mode,queue_id,ranked,riot_id,riot_tag,win,champion,champion_level,kills,deaths,assists,gold_earned,total_damage_dealt,vision_score,game_creation,game_start_timestamp,game_end_timestamp,item0,item1,item2,item3,item4,item5,item6,ally_1,ally_1_champion,ally_1_position,ally_1_rank,ally_1_item0,ally_1_item1,ally_1_item2,ally_1_item3,ally_1_item4,ally_1_item5,ally_1_item6,ally_2,ally_2_champion,ally_2_position,ally_2_rank,ally_2_item0,ally_2_item1,ally_2_item2,ally_2_item3,ally_2_item4,ally_2_item5,ally_2_item6,ally_3,ally_3_champion,ally_3_position,ally_3_rank,ally_3_item0,ally_3_item1,ally_3_item2,ally_3_item3,ally_3_item4,ally_3_item5,ally_3_item6,ally_4,ally_4_champion,ally_4_position,ally_4_rank,ally_4_item0,ally_4_item1,ally_4_item2,ally_4_item3,ally_4_item4,ally_4_item5,ally_4_item6,enemy_1,enemy_1_champion,enemy_1_position,enemy_1_rank,enemy_1_item0,enemy_1_item1,enemy_1_item2,enemy_1_item3,enemy_1_item4,enemy_1_item5,enemy_1_item6,enemy_2,enemy_2_champion,enemy_2_position,enemy_2_rank,enemy_2_item0,enemy_2_item1,enemy_2_item2,enemy_2_item3,enemy_2_item4,enemy_2_item5,enemy_2_item6,enemy_3,enemy_3_champion,enemy_3_position,enemy_3_rank,enemy_3_item0,enemy_3_item1,enemy_3_item2,enemy_3_item3,enemy_3_item4,enemy_3_item5,enemy_3_item6,enemy_4,enemy_4_champion,enemy_4_position,enemy_4_rank,enemy_4_item0,enemy_4_item1,enemy_4_item2,enemy_4_item3,enemy_4_item4,enemy_4_item5,enemy_4_item6,enemy_5,enemy_5_champion,enemy_5_position,enemy_5_rank,enemy_5_item0,enemy_5_item1,enemy_5_item2,enemy_5_item3,enemy_5_item4,enemy_5_item5,enemy_5_item6,loading_screen_time,game_start_time,game_end_time,game_day_of_week,game_month,game_year
NA1_5252668740,CLASSIC,400,False,HGILLIS,NA1,False,Darius,18,14,5,7,19129,34444,38,2025-03-23 21:36:17.088,2025-03-23 21:36:54.594,2025-03-23 22:23:13.081,Dead Man's Plate,Youmuu's Ghostblade,Stridebreaker,Force of Nature,Boots of Swiftness,Sterak's Gage,Stealth Ward,Tree,Garen,TOP,BRONZE I,Phantom Dancer,Stridebreaker,Berserker's Greaves,Serpent's Fang,Mortal Reminder,Dead Man's Plate,Farsight Alteration,StonedClone,Naafiri,MIDDLE,Unranked,Eclipse,Ionian Boots of Lucidity,Black Cleaver,Spear of Shojin,Hexdrinker,Caulfield's Warhammer,Stealth Ward,Phoenix,Anivia,BOTTOM,GOLD II,Seraph's Embrace,Sorcerer's Shoes,Malignance,Liandry's Torment,Rabadon's Deathcap,Blasting Wand,Farsight Alteration,ColmNikonias,Poppy,UTILITY,SILVER II,Bloodsong,Eclipse,Synchronized Souls,Youmuu's Ghostblade,Umbral Glaive,Fimbulwinter,Oracle Lens,dnsgfs,Gangplank,TOP,Unranked,Lord Dominik's Regards,The Collector,Trinity Force,Ionian Boots of Lucidity,Infinity Edge,Immortal Shieldbow,Stealth Ward,Kirbkek,Viego,JUNGLE,Unranked,Sundered Sky,Kraken Slayer,Armored Advance,Death's Dance,Pickaxe,Tunneler,Stealth Ward,IG0DI0FIW4RI,Cho'Gath,MIDDLE,Unranked,"Jak'Sho, The Protean",Heartsteel,Dead Man's Plate,Sunfire Aegis,Thornmail,Unending Despair,Stealth Ward,Loogi200,Twitch,BOTTOM,BRONZE I,Blade of The Ruined King,Zhonya's Hourglass,Gunmetal Greaves,Nashor's Tooth,Shadowflame,Needlessly Large Rod,Farsight Alteration,RTummis,Shen,UTILITY,Unranked,Solstice Sleigh,0,Randuin's Omen,Thornmail,Heartsteel,Mercury's Treads,Oracle Lens,21:36:17.088000,21:36:54.594000,22:23:13.081000,6,3,2025
NA1_5252662026,CLASSIC,400,False,HGILLIS,NA1,False,Darius,3,1,2,2,1581,972,0,2025-03-23 21:28:01.692,2025-03-23 21:28:32.096,2025-03-23 21:32:17.937,Gustwalker Hatchling,Long Sword,Long Sword,0,0,0,Stealth Ward,Tree,Garen,TOP,BRONZE I,Doran's Shield,Tiamat,Boots,0,0,0,Stealth Ward,kyòwó,Ziggs,Invalid,Unranked,Total Biscuit of Everlasting Will,0,0,0,0,0,0,Phoenix,Nilah,BOTTOM,GOLD II,Doran's Shield,Serrated Dirk,Control Ward,0,0,0,Oracle Lens,ColmNikonias,Karma,UTILITY,SILVER II,Health Potion,World Atlas,0,0,0,0,Stealth Ward,GummiNick,Volibear,TOP,GOLD II,Boots,Doran's Ring,0,0,0,0,Stealth Ward,DragonLordDrako,Kayn,JUNGLE,GOLD II,Mosstomper Seedling,0,0,0,0,0,Stealth Ward,Gigaa,LeBlanc,MIDDLE,PLATINUM IV,Dark Seal,Refillable Potion,Amplifying Tome,Boots,0,0,Stealth Ward,mxrcus,Jhin,BOTTOM,EMERALD II,Doran's Blade,Health Potion,0,0,0,0,Stealth Ward,Once,Blitzcrank,UTILITY,Unranked,World Atlas,Health Potion,Total Biscuit of Everlasting Will,Boots,0,0,Stealth Ward,21:28:01.692000,21:28:32.096000,21:32:17.937000,6,3,2025
NA1_5252715584,CLASSIC,400,False,dnsgfs,dogex,True,Trundle,18,14,8,4,20242,48100,17,2025-03-23 23:04:52.681,2025-03-23 23:08:57.230,2025-03-23 23:45:38.355,Plated Steelcaps,Blade of The Ruined King,Ravenous Hydra,Trinity Force,Hullbreaker,Navori Flickerblade,Stealth Ward,kizzington,Braum,JUNGLE,Unranked,Solstice Sleigh,Locket of the Iron Solari,Boots of Swiftness,Thornmail,Warden's Mail,0,Oracle Lens,Bayside,Lissandra,MIDDLE,Unranked,Doran's Ring,Zhonya's Hourglass,Banshee's Veil,Boots of Swiftness,Blackfire Torch,Liandry's Torment,Stealth Ward,Loogi200,Draven,BOTTOM,BRONZE I,The Collector,Bloodthirster,Berserker's Greaves,Mortal Reminder,Infinity Edge,Long Sword,Stealth Ward,Kirbkek,Lillia,JUNGLE,Unranked,Cosmic Drive,Crimson Lucidity,Rylai's Crystal Scepter,Liandry's Torment,Amplifying Tome,0,Stealth Ward,KarnNaval,Darius,TOP,SILVER III,Trinity Force,Sterak's Gage,Boots of Swiftness,Dead Man's Plate,Negatron Cloak,Death's Dance,Stealth Ward,Spekkter,Kayn,JUNGLE,BRONZE I,Eclipse,Black Cleaver,Mercury's Treads,Spear of Shojin,Death's Dance,Spectre's Cowl,Stealth Ward,IsaacInsomnia,Veigar,MIDDLE,Unranked,Shadowflame,Seraph's Embrace,Rod of Ages,Sorcerer's Shoes,Rabadon's Deathcap,Amplifying Tome,Stealth Ward,Ronnic40,Miss Fortune,BOTTOM,BRONZE IV,Essence Reaver,Bloodthirster,Mortal Reminder,Boots of Swiftness,Infinity Edge,0,Stealth Ward,Slick The Don,Blitzcrank,UTILITY,Unranked,Locket of the Iron Solari,Synchronized Souls,Solstice Sleigh,Thornmail,Zeke's Convergence,Bandleglass Mirror,Oracle Lens,23:04:52.681000,23:08:57.230000,23:45:38.355000,6,3,2025
NA1_5252699516,CLASSIC,400,False,dnsgfs,dogex,False,Elise,15,6,3,2,9173,17012,6,2025-03-23 22:34:29.709,2025-03-23 22:35:06.481,2025-03-23 22:59:34.808,Rylai's Crystal Scepter,Sorcerer's Shoes,Dark Seal,Seraph's Embrace,Haunting Guise,Amplifying Tome,Stealth Ward,Kirbkek,Viego,JUNGLE,Unranked,Sundered Sky,Kraken Slayer,Plated Steelcaps,0,0,0,Stealth Ward,Rescene,Ahri,MIDDLE,Unranked,Refillable Potion,Sorcerer's Shoes,Dark Seal,Doran's Ring,Blasting Wand,Lost Chapter,Stealth Ward,Loogi200,Draven,BOTTOM,BRONZE I,Doran's Blade,Infinity Edge,Berserker's Greaves,Bloodthirster,Noonquiver,Long Sword,Stealth Ward,SpacedArtist,Yuumi,UTILITY,IRON I,Moonstone Renewer,Redemption,Dream Maker,Bandleglass Mirror,Amplifying Tome,0,Oracle Lens,austin,Sion,TOP,GOLD IV,Youmuu's Ghostblade,Axiom Arc,Cull,The Collector,Serrated Dirk,Swiftmarch,Stealth Ward,notbrennan,Naafiri,JUNGLE,SILVER II,Black Cleaver,Eclipse,0,Steel Sigil,Pickaxe,Ionian Boots of Lucidity,Oracle Lens,Chloe In Peaces,Varus,MIDDLE,Unranked,Nashor's Tooth,Spellslinger's Shoes,Malignance,Rabadon's Deathcap,Needlessly Large Rod,0,Stealth Ward,Fortune,Jhin,BOTTOM,Unranked,Doran's Blade,The Collector,Boots of Swiftness,Rapid Firecannon,Cloak of Agility,0,Stealth Ward,IHaveAidz,Maokai,UTILITY,SILVER IV,Zaz'Zak's Realmspike,Swiftmarch,Cloth Armor,Liandry's Torment,Cloth Armor,0,Oracle Lens,22:34:29.709000,22:35:06.481000,22:59:34.808000,6,3,2025
NA1_5252860139,CLASSIC,400,False,IG0DI0FIW4RI,NA1,True,Sejuani,17,6,5,9,12616,23059,14,2025-03-24 02:31:24.861,2025-03-24 02:33:43.767,2025-03-24 03:00:24.225,Chain Vest,Fimbulwinter,Heartsteel,Rod of Ages,Bramble Vest,Bami's Cinder,Stealth Ward,Chicheñol,Master Yi,JUNGLE,Unranked,Wit's End,Guinsoo's Rageblade,Blade of The Ruined King,Berserker's Greaves,Cloth Armor,0,Stealth Ward,кот,Varus,MIDDLE,SILVER IV,Muramana,Youmuu's Ghostblade,Swiftmarch,Needlessly Large Rod,Amplifying Tome,Cloth Armor,Farsight Alteration,Kitsune,Yasuo,BOTTOM,DIAMOND IV,Stridebreaker,Berserker's Greaves,Blade of The Ruined King,Doran's Shield,Steel Sigil,Pickaxe,Stealth Ward,RTummis,Nautilus,UTILITY,Unranked,Solstice Sleigh,Bramble Vest,Plated Steelcaps,Heartsteel,Cloth Armor,0,Oracle Lens,Conqueror Of Cüm,Poppy,TOP,SILVER IV,Fimbulwinter,Mercury's Treads,Sundered Sky,0,0,0,Stealth Ward,Kessston,Darius,JUNGLE,SILVER I,Sterak's Gage,Boots of Swiftness,Trinity Force,0,0,0,Oracle Lens,SwaggerKnight,Katarina,MIDDLE,SILVER IV,Dark Seal,Lich Bane,Sorcerer's Shoes,Hextech Alternator,0,0,Oracle Lens,command11,Nilah,BOTTOM,Unranked,Doran's Blade,Infinity Edge,Boots,The Collector,Lord Dominik's Regards,Vampiric Scepter,Stealth Ward,buttquaker69,Pyke,UTILITY,Unranked,Youmuu's Ghostblade,Bloodsong,Synchronized Souls,Umbral Glaive,Serrated Dirk,Long Sword,Oracle Lens,02:31:24.861000,02:33:43.767000,03:00:24.225000,0,3,2025
NA1_5252823294,CLASSIC,400,False,IG0DI0FIW4RI,NA1,True,Renekton,18,4,9,2,18300,34150,24,2025-03-24 01:41:31.099,2025-03-24 01:43:21.035,2025-03-24 02:26:05.742,Death's Dance,Sundered Sky,Sterak's Gage,Ruby Crystal,Mercury's Treads,Eclipse,Stealth Ward,Faffing About,Nocturne,JUNGLE,Unranked,Experimental Hexplate,Mercury's Treads,Stridebreaker,Black Cleaver,Sterak's Gage,Death's Dance,Oracle Lens,Juustin,Brand,MIDDLE,Unranked,Tear of the Goddess,Zhonya's Hourglass,Sorcerer's Shoes,Malignance,Liandry's Torment,0,Stealth Ward,Slop Enjoyer,Twisted Fate,BOTTOM,PLATINUM I,Blade of The Ruined King,Statikk Shiv,Berserker's Greaves,Rapid Firecannon,Guinsoo's Rageblade,Hearthbound Axe,Stealth Ward,RTummis,Shen,UTILITY,Unranked,Solstice Sleigh,0,Bramble Vest,Mercury's Treads,Heartsteel,"Jak'Sho, The Protean",Oracle Lens,Hinshiro,Yone,TOP,Unranked,Steel Sigil,Mortal Reminder,Blade of The Ruined King,Gunmetal Greaves,Infinity Edge,Caulfield's Warhammer,Farsight Alteration,StickyCakes,Zyra,JUNGLE,Unranked,Blackfire Torch,Liandry's Torment,Sorcerer's Shoes,Rylai's Crystal Scepter,Fiendish Codex,0,Stealth Ward,DXPebbles,Akali,MIDDLE,Unranked,Needlessly Large Rod,Stormsurge,Zhonya's Hourglass,Shadowflame,Mercury's Treads,Needlessly Large Rod,Farsight Alteration,JackChloe,Caitlyn,BOTTOM,PLATINUM IV,Mortal Reminder,Berserker's Greaves,Yun Tal Wildarrows,Infinity Edge,Rapid Firecannon,Bloodthirster,Stealth Ward,PoroKing,Mel,UTILITY,GOLD IV,Zaz'Zak's Realmspike,Zhonya's Hourglass,Blighting Jewel,Liandry's Torment,Shadowflame,Sorcerer's Shoes,Oracle Lens,01:41:31.099000,01:43:21.035000,02:26:05.742000,0,3,2025
NA1_5252801558,CLASSIC,400,False,IG0DI0FIW4RI,NA1,False,Renekton,13,3,6,3,7438,14093,10,2025-03-24 01:13:35.110,2025-03-24 01:14:14.356,2025-03-24 01:35:00.297,Doran's Blade,Cull,Eclipse,Plated Steelcaps,Tunneler,Long Sword,Stealth Ward,Celebnar,Amumu,JUNGLE,Unranked,Plated Steelcaps,Sunfire Aegis,Fated Ashes,0,Ruby Crystal,Amplifying Tome,Oracle Lens,Link and Tatl,Swain,MIDDLE,BRONZE I,Boots of Swiftness,Blackfire Torch,Doran's Ring,Haunting Guise,0,0,Stealth Ward,Beastkat,Jhin,BOTTOM,Unranked,Doran's Blade,The Collector,Boots of Swiftness,Infinity Edge,0,0,Stealth Ward,RTummis,Thresh,UTILITY,Unranked,Solstice Sleigh,Bramble Vest,Heartsteel,0,0,0,Oracle Lens,worldofwarcraft,Sett,TOP,IRON II,Doran's Blade,Plated Steelcaps,Stridebreaker,Phage,Pickaxe,0,Stealth Ward,Country,Nocturne,JUNGLE,EMERALD IV,Experimental Hexplate,Stridebreaker,Plated Steelcaps,Ruby Crystal,0,0,Oracle Lens,Criptak,Jarvan IV,MIDDLE,SILVER IV,Doran's Blade,Refillable Potion,Eclipse,Tiamat,Mercury's Treads,Long Sword,Stealth Ward,buttquaker69,Vayne,BOTTOM,Unranked,Blade of The Ruined King,Cull,Berserker's Greaves,Recurve Bow,Amplifying Tome,Pickaxe,Stealth Ward,command11,Xerath,UTILITY,Unranked,Zaz'Zak's Realmspike,Luden's Companion,Sorcerer's Shoes,Fiendish Codex,Fiendish Codex,Amplifying Tome,Oracle Lens,01:13:35.110000,01:14:14.356000,01:35:00.297000,0,3,2025
NA1_5252756401,CLASSIC,400,False,Loogi200,jahed,False,Pantheon,18,13,12,13,19814,38671,142,2025-03-24 00:07:18.272,2025-03-24 00:07:45.527,2025-03-24 01:01:45.727,Eclipse,Sundered Sky,Kaenic Rookern,Blade of The Ruined King,Synchronized Souls,Black Cleaver,Oracle Lens,CN Kenzhu,Ambessa,TOP,PLATINUM II,Black Cleaver,Death's Dance,Eclipse,Plated Steelcaps,Spear of Shojin,Voltaic Cyclosword,Stealth Ward,PoolWater69420,Lillia,JUNGLE,Unranked,Blackfire Torch,Zhonya's Hourglass,Liandry's Torment,Rylai's Crystal Scepter,Sorcerer's Shoes,Riftmaker,Stealth Ward,epter12138,Ryze,MIDDLE,Unranked,Seraph's Embrace,Rod of Ages,Sorcerer's Shoes,Frozen Heart,Cosmic Drive,Luden's Companion,Stealth Ward,Deoji,Veigar,BOTTOM,Unranked,Zhonya's Hourglass,Luden's Companion,Rabadon's Deathcap,Shadowflame,Stormsurge,Sorcerer's Shoes,Stealth Ward,Lunestra,Urgot,TOP,IRON II,Armored Advance,Chempunk Chainsword,Ravenous Hydra,Hullbreaker,Maw of Malmortius,Black Cleaver,Stealth Ward,ha0b0,Naafiri,JUNGLE,SILVER I,Chainlaced Crushers,Eclipse,Profane Hydra,Edge of Night,Hubris,Black Cleaver,Oracle Lens,raidtank,Tristana,MIDDLE,PLATINUM IV,Guardian Angel,Yun Tal Wildarrows,Gunmetal Greaves,Infinity Edge,Lord Dominik's Regards,Navori Flickerblade,Farsight Alteration,EDM Luna,Anivia,BOTTOM,PLATINUM IV,Seraph's Embrace,Spellslinger's Shoes,Rod of Ages,Liandry's Torment,Rabadon's Deathcap,Void Staff,Farsight Alteration,Valeriya1,Seraphine,UTILITY,SILVER I,Malignance,Blackfire Torch,Rylai's Crystal Scepter,Ionian Boots of Lucidity,Liandry's Torment,Luden's Companion,Stealth Ward,00:07:18.272000,00:07:45.527000,01:01:45.727000,0,3,2025
NA1_5252530664,CLASSIC,400,False,Tree,DZ00,True,Garen,14,5,0,2,9203,11042,6,2025-03-23 17:12:11.937,2025-03-23 17:12:35.243,2025-03-23 17:32:58.528,Dagger,Stridebreaker,Boots of Swiftness,Doran's Shield,Zeal,Dagger,Farsight Alteration,JayNarukamiVT,Naafiri,JUNGLE,GOLD II,Profane Hydra,Ionian Boots of Lucidity,Serylda's Grudge,Long Sword,Glowing Mote,0,Stealth Ward,house keeping,Viktor,MIDDLE,Unranked,Seeker's Armguard,Doran's Ring,Blackfire Torch,Sorcerer's Shoes,Liandry's Torment,0,Stealth Ward,ZSonOfSparta,Miss Fortune,BOTTOM,SILVER I,Doran's Blade,Bloodthirster,Swiftmarch,Essence Reaver,Control Ward,0,Stealth Ward,FLASHY,Lux,UTILITY,GOLD IV,Zaz'Zak's Realmspike,Luden's Companion,Crimson Lucidity,Dark Seal,Amplifying Tome,Amplifying Tome,Oracle Lens,LumpyFrogs,Sett,TOP,GOLD IV,Doran's Blade,Plated Steelcaps,Stridebreaker,Winged Moonplate,0,0,Stealth Ward,Too Ugly To Love,Gwen,JUNGLE,Unranked,Hextech Alternator,Nashor's Tooth,Sorcerer's Shoes,0,0,0,Oracle Lens,Supernoodl3s,Aurora,MIDDLE,SILVER II,Doran's Ring,Liandry's Torment,Boots,Lost Chapter,0,0,Stealth Ward,superdrew,Smolder,BOTTOM,Unranked,Essence Reaver,Doran's Blade,Boots of Swiftness,Tunneler,Pickaxe,0,Stealth Ward,BLUENIGHTMARE82,Pyke,UTILITY,GOLD IV,Celestial Opposition,Refillable Potion,Umbral Glaive,Boots of Swiftness,Long Sword,Long Sword,Oracle Lens,17:12:11.937000,17:12:35.243000,17:32:58.528000,6,3,2025
NA1_5252265616,CLASSIC,400,False,Tree,DZ00,True,Garen,18,14,4,6,17050,39286,17,2025-03-23 03:49:10.362,2025-03-23 03:49:29.768,2025-03-23 04:19:26.787,Doran's Shield,Stridebreaker,Gunmetal Greaves,Phantom Dancer,Mortal Reminder,Dead Man's Plate,Stealth Ward,bluejay137,Graves,JUNGLE,PLATINUM IV,Hubris,Youmuu's Ghostblade,Last Whisper,Plated Steelcaps,0,0,Stealth Ward,zDdam,Gangplank,MIDDLE,GOLD II,The Collector,Trinity Force,Infinity Edge,Last Whisper,Doran's Blade,Boots,Stealth Ward,JoPapi,Jinx,BOTTOM,Unranked,Yun Tal Wildarrows,Doran's Blade,Berserker's Greaves,Infinity Edge,Mortal Reminder,0,Stealth Ward,역천괴,Nami,UTILITY,GOLD I,Zaz'Zak's Realmspike,Moonstone Renewer,Crimson Lucidity,Imperial Mandate,Amplifying Tome,Glowing Mote,Oracle Lens,APimpSlickBack,Lee Sin,JUNGLE,GOLD III,Eclipse,Mercury's Treads,Sundered Sky,Black Cleaver,Sterak's Gage,0,Oracle Lens,PoisonForKuzco,Dr. Mundo,TOP,SILVER I,Titanic Hydra,Heartsteel,Plated Steelcaps,Warmog's Armor,0,0,Stealth Ward,beanfoot,Ryze,MIDDLE,PLATINUM II,Seraph's Embrace,Rod of Ages,Amplifying Tome,Sorcerer's Shoes,Glacial Buckler,Warden's Mail,Stealth Ward,TheSuperBender,Caitlyn,BOTTOM,Unranked,Doran's Blade,Berserker's Greaves,The Collector,Yun Tal Wildarrows,Last Whisper,Long Sword,Stealth Ward,Stamitis,Thresh,UTILITY,Unranked,Knight's Vow,Synchronized Souls,Locket of the Iron Solari,Celestial Opposition,0,0,Oracle Lens,03:49:10.362000,03:49:29.768000,04:19:26.787000,6,3,2025
NA1_5248536830,CLASSIC,400,False,Tree,DZ00,True,Miss Fortune,15,11,4,12,12902,31150,13,2025-03-16 18:16:13.991,2025-03-16 18:16:49.143,2025-03-16 18:44:34.621,Doran's Blade,Bloodthirster,Boots of Swiftness,Infinity Edge,Essence Reaver,0,Stealth Ward,sugoi bunoi,Gwen,TOP,SILVER IV,Riftmaker,Dark Seal,Nashor's Tooth,Spellslinger's Shoes,Blighting Jewel,Needlessly Large Rod,Stealth Ward,Praise Provider,Amumu,JUNGLE,Unranked,Abyssal Mask,Mercury's Treads,Liandry's Torment,Spectre's Cowl,0,0,Oracle Lens,ExSaints,Ziggs,MIDDLE,Unranked,Rabadon's Deathcap,Blackfire Torch,Sorcerer's Shoes,Dark Seal,Shadowflame,0,Stealth Ward,Heymile,Teemo,UTILITY,BRONZE II,Zaz'Zak's Realmspike,Sorcerer's Shoes,Liandry's Torment,Nashor's Tooth,Malignance,0,Oracle Lens,ThisEffingGuy,Aatrox,TOP,Unranked,Doran's Shield,Mercury's Treads,Spear of Shojin,Sundered Sky,0,0,Stealth Ward,DuramaxL5P,Elise,JUNGLE,Unranked,Sorcerer's Shoes,Shadowflame,Stormsurge,Shattered Armguard,0,0,Stealth Ward,LilBobby45,Aurora,MIDDLE,SILVER I,Seeker's Armguard,Liandry's Torment,Sorcerer's Shoes,Malignance,0,0,Stealth Ward,SoggyPotty69,Zeri,BOTTOM,GOLD III,Runaan's Hurricane,Health Potion,Boots of Swiftness,Statikk Shiv,Lord Dominik's Regards,Cloak of Agility,Stealth Ward,Hawktuuhh,Alistar,UTILITY,BRONZE II,Solstice Sleigh,Locket of the Iron Solari,Boots of Swiftness,Thornmail,Null-Magic Mantle,Cloth Armor,Oracle Lens,18:16:13.991000,18:16:49.143000,18:44:34.621000,6,3,2025
NA1_5253025454,CLASSIC,400,False,StonedClone,Chaos,False,Jarvan IV,10,3,6,0,6821,4920,7,2025-03-24 07:20:49.917,2025-03-24 07:21:21.980,2025-03-24 07:40:18.456,Mosstomper Seedling,Eclipse,Mercury's Treads,Pickaxe,0,0,Oracle Lens,Papa Poli,Akali,TOP,Unranked,Doran's Ring,Liandry's Torment,Boots,0,0,0,Stealth Ward,WonderBloodStar,Aatrox,MIDDLE,Unranked,Eclipse,Caulfield's Warhammer,0,Boots,0,0,Stealth Ward,LadyNightstalker,Caitlyn,BOTTOM,BRONZE II,Doran's Blade,The Collector,Berserker's Greaves,Scout's Slingshot,Dagger,Cloak of Agility,Stealth Ward,King Cleetus,Tahm Kench,UTILITY,Unranked,Cloth Armor,0,Bloodsong,0,Heartsteel,Plated Steelcaps,Stealth Ward,divine wingz,Mordekaiser,TOP,Unranked,Doran's Shield,Rylai's Crystal Scepter,Mercury's Treads,Cloth Armor,Riftmaker,Amplifying Tome,Stealth Ward,TigerMoose007,Taric,JUNGLE,Unranked,Echoes of Helia,Ruby Crystal,Chain Vest,0,Sheen,Plated Steelcaps,Oracle Lens,jewpach,Pantheon,MIDDLE,GOLD II,Sundered Sky,Refillable Potion,Eclipse,Plated Steelcaps,Phage,Pickaxe,Stealth Ward,Hodlen,Jinx,BOTTOM,EMERALD IV,Doran's Blade,Berserker's Greaves,Yun Tal Wildarrows,Zeal,Dagger,Dagger,Farsight Alteration,SKUniverse,Shen,UTILITY,BRONZE III,Heartsteel,Bloodsong,Plated Steelcaps,Cloth Armor,0,0,Oracle Lens,07:20:49.917000,07:21:21.980000,07:40:18.456000,0,3,2025
NA1_5253015942,CLASSIC,400,False,StonedClone,Chaos,True,Jarvan IV,11,3,3,9,7738,5522,16,2025-03-24 06:50:21.069,2025-03-24 06:50:38.198,2025-03-24 07:13:43.034,Spear of Shojin,Eclipse,Ionian Boots of Lucidity,0,0,0,Stealth Ward,Papa Poli,Ahri,TOP,Unranked,Doran's Ring,Malignance,Sorcerer's Shoes,Fated Ashes,Ruby Crystal,Amplifying Tome,Stealth Ward,A Pity Party,Vel'Koz,MIDDLE,SILVER III,Amplifying Tome,Seraph's Embrace,Blackfire Torch,Doran's Ring,Swiftmarch,0,Stealth Ward,LadyNightstalker,Miss Fortune,BOTTOM,BRONZE II,Youmuu's Ghostblade,Last Whisper,Cloak of Agility,The Collector,Swiftmarch,Doran's Blade,Stealth Ward,King Cleetus,Cho'Gath,UTILITY,Unranked,Fiendish Codex,Tear of the Goddess,Bloodsong,Heartsteel,Unending Despair,Boots,Stealth Ward,divine wingz,Mordekaiser,TOP,Unranked,Doran's Ring,Hextech Rocketbelt,Rylai's Crystal Scepter,Sorcerer's Shoes,Fiendish Codex,Recurve Bow,Stealth Ward,Edw0o0D,Shaco,JUNGLE,Unranked,Liandry's Torment,Blackfire Torch,Sorcerer's Shoes,Amplifying Tome,Amplifying Tome,0,Stealth Ward,RamenAfterThis,Sylas,MIDDLE,Unranked,Tear of the Goddess,Riftmaker,Sorcerer's Shoes,Long Sword,0,0,Stealth Ward,Fruît DeaIer,Jinx,BOTTOM,EMERALD IV,Doran's Blade,Yun Tal Wildarrows,Scout's Slingshot,0,0,0,Stealth Ward,1G CRISP,Pyke,UTILITY,Unranked,Bloodsong,Synchronized Souls,Umbral Glaive,Serrated Dirk,0,0,Oracle Lens,06:50:21.069000,06:50:38.198000,07:13:43.034000,0,3,2025
NA1_5253003927,CLASSIC,400,False,StonedClone,Chaos,False,Naafiri,13,4,6,2,8346,9812,15,2025-03-24 06:19:10.497,2025-03-24 06:21:13.300,2025-03-24 06:44:53.469,Black Cleaver,Eclipse,Ionian Boots of Lucidity,0,0,0,Stealth Ward,Papa Poli,Aatrox,TOP,Unranked,Doran's Blade,Spear of Shojin,Plated Steelcaps,The Brutalizer,Long Sword,0,Stealth Ward,Shyire,Tristana,MIDDLE,GOLD III,0,Yun Tal Wildarrows,Berserker's Greaves,Doran's Blade,Infinity Edge,Zeal,Farsight Alteration,LadyNightstalker,Miss Fortune,BOTTOM,BRONZE II,Infinity Edge,The Collector,Berserker's Greaves,Executioner's Calling,Long Sword,0,Stealth Ward,King Cleetus,Blitzcrank,UTILITY,Unranked,Aether Wisp,Bandleglass Mirror,Bloodsong,0,Archangel's Staff,Boots,Stealth Ward,OoRemnanToO,Trundle,TOP,EMERALD IV,Titanic Hydra,Hullbreaker,Trinity Force,Armored Advance,0,0,Farsight Alteration,C4M R3LL1M,Kha'Zix,JUNGLE,BRONZE II,Opportunity,Youmuu's Ghostblade,Serrated Dirk,Boots of Swiftness,Long Sword,Control Ward,Oracle Lens,Slopesucks,LeBlanc,MIDDLE,Unranked,Doran's Ring,Refillable Potion,Luden's Companion,Sorcerer's Shoes,Stormsurge,Needlessly Large Rod,Stealth Ward,Fushigi,Aphelios,BOTTOM,DIAMOND IV,B. F. Sword,Berserker's Greaves,The Collector,Pickaxe,Cloak of Agility,0,Stealth Ward,LeWeenie,Tahm Kench,UTILITY,SILVER III,Solstice Sleigh,Plated Steelcaps,Ruby Crystal,Heartsteel,Null-Magic Mantle,0,Oracle Lens,06:19:10.497000,06:21:13.300000,06:44:53.469000,0,3,2025
NA1_5252972738,CLASSIC,400,False,StonedClone,Chaos,True,Jarvan IV,18,10,9,16,19552,40556,31,2025-03-24 05:13:06.916,2025-03-24 05:14:43.161,2025-03-24 06:03:59.191,Spear of Shojin,The Collector,Berserker's Greaves,Opportunity,Axiom Arc,Edge of Night,Oracle Lens,WonderBloodStar,K'Sante,TOP,Unranked,Iceborn Gauntlet,Randuin's Omen,Unending Despair,"Jak'Sho, The Protean",Plated Steelcaps,Hollow Radiance,Stealth Ward,King689,LeBlanc,MIDDLE,GOLD III,Rabadon's Deathcap,Shadowflame,Luden's Companion,Stormsurge,Void Staff,Sorcerer's Shoes,Oracle Lens,섀도 케하우,Vayne,BOTTOM,SILVER IV,Berserker's Greaves,Blade of The Ruined King,Guinsoo's Rageblade,Terminus,"Jak'Sho, The Protean",Bloodthirster,Stealth Ward,AlbrenBG,Thresh,UTILITY,Unranked,Solstice Sleigh,Knight's Vow,Locket of the Iron Solari,Negatron Cloak,Frozen Heart,Plated Steelcaps,Oracle Lens,Thats So Draven,Jax,TOP,GOLD IV,Zhonya's Hourglass,Lich Bane,Nashor's Tooth,Riftmaker,Spellslinger's Shoes,Liandry's Torment,Stealth Ward,Wunderwaffe,Shaco,JUNGLE,Unranked,Statikk Shiv,Ravenous Hydra,Gunmetal Greaves,Navori Flickerblade,The Collector,Infinity Edge,Oracle Lens,Whalesauce1,Miss Fortune,MIDDLE,SILVER I,Horizon Focus,Rabadon's Deathcap,Liandry's Torment,Shadowflame,The Collector,Blighting Jewel,Stealth Ward,PARTYBOI69,Lucian,BOTTOM,SILVER II,Crimson Lucidity,Essence Reaver,Youmuu's Ghostblade,Navori Flickerblade,Infinity Edge,Lord Dominik's Regards,Stealth Ward,Kusuda,Senna,UTILITY,Unranked,Bloodsong,Echoes of Helia,Swiftmarch,Black Cleaver,Moonstone Renewer,Kraken Slayer,Oracle Lens,05:13:06.916000,05:14:43.161000,06:03:59.191000,0,3,2025
NA1_5252954169,CLASSIC,400,False,StonedClone,Chaos,True,Jarvan IV,11,5,4,7,7777,11158,14,2025-03-24 04:44:56.731,2025-03-24 04:46:02.883,2025-03-24 05:06:29.713,Sundered Sky,Eclipse,Ionian Boots of Lucidity,0,0,0,Eye of the Herald,WonderBloodStar,Sett,TOP,Unranked,Black Cleaver,Stridebreaker,Long Sword,Boots of Swiftness,0,0,Stealth Ward,Playboi farty,Neeko,MIDDLE,Unranked,Zhonya's Hourglass,Sorcerer's Shoes,Hextech Rocketbelt,0,0,0,Stealth Ward,scarynuts,Corki,BOTTOM,SILVER III,Blade of The Ruined King,Plated Steelcaps,Caulfield's Warhammer,Pickaxe,Control Ward,0,Stealth Ward,Diddy,Janna,UTILITY,SILVER II,Dream Maker,Echoes of Helia,Boots of Swiftness,Bandleglass Mirror,Kindlegem,0,Oracle Lens,GoudaGoblin,K'Sante,TOP,GOLD IV,Doran's Shield,Refillable Potion,Iceborn Gauntlet,Plated Steelcaps,Bramble Vest,Tear of the Goddess,Stealth Ward,Sidilio,Viego,JUNGLE,SILVER I,Sundered Sky,Blade of The Ruined King,Plated Steelcaps,Control Ward,0,0,Oracle Lens,GorillaUterus,Katarina,MIDDLE,BRONZE III,Dark Seal,Refillable Potion,Lich Bane,Sorcerer's Shoes,Shadowflame,0,Stealth Ward,for3ver,Varus,BOTTOM,BRONZE II,Blade of The Ruined King,Berserker's Greaves,Tear of the Goddess,Youmuu's Ghostblade,0,0,Stealth Ward,A1las,Senna,UTILITY,SILVER II,Bloodsong,Black Cleaver,Zeal,Scout's Slingshot,0,Boots of Swiftness,Oracle Lens,04:44:56.731000,04:46:02.883000,05:06:29.713000,0,3,2025
NA1_5252727838,CLASSIC,400,False,Phoenix,BOOM,False,Taliyah,16,7,4,6,12677,20020,10,2025-03-23 23:16:47.036,2025-03-23 23:19:00.705,2025-03-23 23:47:52.391,Zhonya's Hourglass,Liandry's Torment,Sorcerer's Shoes,Seraph's Embrace,Needlessly Large Rod,0,Farsight Alteration,Preheated Vomit,Singed,TOP,GOLD III,Haunting Guise,Hullbreaker,Boots of Swiftness,Rylai's Crystal Scepter,Nashor's Tooth,Fated Ashes,Stealth Ward,Copy,Master Yi,JUNGLE,Unranked,Wit's End,Guinsoo's Rageblade,Blade of The Ruined King,Berserker's Greaves,Recurve Bow,Long Sword,Oracle Lens,ColmNikonias,Xayah,BOTTOM,SILVER II,Infinity Edge,Essence Reaver,Berserker's Greaves,Cloak of Agility,Navori Flickerblade,Last Whisper,Farsight Alteration,Dankarooz,Yuumi,UTILITY,BRONZE I,Bandleglass Mirror,Ardent Censer,Dream Maker,Fiendish Codex,Moonstone Renewer,0,Oracle Lens,OverSoul,Wukong,TOP,Unranked,Ravenous Hydra,Trinity Force,Ruby Crystal,Spear of Shojin,Boots of Swiftness,Phage,Stealth Ward,bagelsfordinner,Zac,JUNGLE,Unranked,Sunfire Aegis,Spirit Visage,Thornmail,0,0,Ionian Boots of Lucidity,Stealth Ward,Turtie,Talon,MIDDLE,EMERALD II,Youmuu's Ghostblade,Opportunity,Doran's Blade,Ionian Boots of Lucidity,Edge of Night,Last Whisper,Oracle Lens,Res0nance,Ezreal,BOTTOM,GOLD III,Trinity Force,Muramana,Crimson Lucidity,Spear of Shojin,0,0,Stealth Ward,gentco,Senna,UTILITY,Unranked,Echoes of Helia,Moonstone Renewer,Kindlegem,0,Dream Maker,Swiftmarch,Oracle Lens,23:16:47.036000,23:19:00.705000,23:47:52.391000,6,3,2025
NA1_5252716180,CLASSIC,400,False,Phoenix,BOOM,False,Ryze,2,0,0,0,660,0,0,2025-03-23 23:02:33.873,2025-03-23 23:06:38.524,2025-03-23 23:08:45.183,Sapphire Crystal,Refillable Potion,0,0,0,0,Stealth Ward,hipthalamu,Nasus,Invalid,SILVER III,0,0,0,0,0,0,0,Skimppy,Lillia,JUNGLE,DIAMOND IV,Gustwalker Hatchling,0,0,0,0,0,Stealth Ward,Copafeel7,Zeri,BOTTOM,PLATINUM IV,Doran's Blade,Health Potion,0,0,0,0,Stealth Ward,ColmNikonias,Lulu,UTILITY,SILVER II,Health Potion,World Atlas,0,0,0,0,Stealth Ward,Warrior0f1ight,Malphite,TOP,SILVER II,Doran's Ring,Health Potion,0,0,0,0,Stealth Ward,Daraindier,Pantheon,JUNGLE,Unranked,Scorchclaw Pup,0,0,0,0,0,Stealth Ward,Krieg The Psyc0,Orianna,MIDDLE,PLATINUM II,Doran's Ring,Health Potion,Total Biscuit of Everlasting Will,0,0,0,Stealth Ward,MrMacMunchies,Miss Fortune,BOTTOM,Unranked,Doran's Blade,Total Biscuit of Everlasting Will,0,0,0,0,Stealth Ward,Tikyu,Morgana,UTILITY,Unranked,World Atlas,0,0,0,0,0,Stealth Ward,23:02:33.873000,23:06:38.524000,23:08:45.183000,6,3,2025
NA1_5252696085,CLASSIC,400,False,Phoenix,BOOM,False,Hwei,14,2,6,2,9482,13016,9,2025-03-23 22:28:01.099,2025-03-23 22:28:25.968,2025-03-23 22:56:51.515,Seeker's Armguard,Blackfire Torch,Sorcerer's Shoes,Doran's Ring,Liandry's Torment,0,Farsight Alteration,solartoxin,Shen,TOP,PLATINUM I,Doran's Shield,Plated Steelcaps,Null-Magic Mantle,Sunfire Aegis,Ruby Crystal,Bramble Vest,Stealth Ward,ColmNikonias,Ekko,JUNGLE,SILVER II,Hextech Rocketbelt,Lich Bane,Sorcerer's Shoes,Seeker's Armguard,Nashor's Tooth,0,Oracle Lens,Coukies,Talon,MIDDLE,PLATINUM I,0,Youmuu's Ghostblade,Profane Hydra,Synchronized Souls,Edge of Night,0,Oracle Lens,IAmTheChamp,Lux,UTILITY,Unranked,Zaz'Zak's Realmspike,Refillable Potion,Sorcerer's Shoes,Hextech Alternator,Luden's Companion,Aether Wisp,Oracle Lens,DROCKusamongus,Teemo,TOP,PLATINUM IV,Doran's Ring,Liandry's Torment,Spellslinger's Shoes,Malignance,Shadowflame,0,Stealth Ward,Xexhausted,Darius,JUNGLE,SILVER IV,Youmuu's Ghostblade,Refillable Potion,Dead Man's Plate,Mercury's Treads,Pickaxe,Long Sword,Oracle Lens,Slendy Dendy,Naafiri,MIDDLE,Unranked,Hubris,Crimson Lucidity,Serylda's Grudge,Edge of Night,Profane Hydra,0,Farsight Alteration,alexj702,Samira,BOTTOM,EMERALD IV,Doran's Blade,The Collector,Mercury's Treads,Infinity Edge,Vampiric Scepter,B. F. Sword,Farsight Alteration,Juno,Soraka,UTILITY,SILVER II,Dream Maker,Redemption,0,Moonstone Renewer,Crimson Lucidity,0,Oracle Lens,22:28:01.099000,22:28:25.968000,22:56:51.515000,6,3,2025
NA1_5252746675,CLASSIC,400,False,ColmNikonias,NA1,True,Zilean,9,0,0,4,3994,1737,9,2025-03-23 23:55:19.484,2025-03-23 23:56:46.726,2025-03-24 00:12:29.305,Solstice Sleigh,Shurelya's Battlesong,Ionian Boots of Lucidity,0,0,0,Stealth Ward,OptimusJive,Swain,TOP,PLATINUM I,Doran's Ring,Boots of Swiftness,Blackfire Torch,0,Amplifying Tome,0,Stealth Ward,eul jin,Rengar,JUNGLE,EMERALD I,Gustwalker Hatchling,Ionian Boots of Lucidity,Youmuu's Ghostblade,Control Ward,Serrated Dirk,Pickaxe,Oracle Lens,Ariana Superfan,Malphite,MIDDLE,PLATINUM IV,Doran's Shield,0,Cloth Armor,0,Thornmail,Plated Steelcaps,Stealth Ward,Copy,Jhin,BOTTOM,Unranked,Doran's Blade,Refillable Potion,The Collector,Boots of Swiftness,Dagger,Dagger,Farsight Alteration,QuesoRayado,Urgot,TOP,Unranked,Doran's Blade,Refillable Potion,Black Cleaver,0,Boots of Swiftness,0,Stealth Ward,szabel,Maokai,JUNGLE,PLATINUM IV,Plated Steelcaps,0,Bami's Cinder,Scorchclaw Pup,Cloth Armor,0,Oracle Lens,Kazuto,Naafiri,MIDDLE,EMERALD I,Black Cleaver,Refillable Potion,Tiamat,0,Boots,Doran's Blade,Stealth Ward,True Ataraxia,Kog'Maw,BOTTOM,EMERALD IV,Doran's Blade,Refillable Potion,Recurve Bow,Berserker's Greaves,Pickaxe,Amplifying Tome,Stealth Ward,Halfling,Milio,UTILITY,EMERALD IV,Dream Maker,Shurelya's Battlesong,0,Control Ward,0,Boots,Oracle Lens,23:55:19.484000,23:56:46.726000,00:12:29.305000,6,3,2025
NA1_5169699515,CLASSIC,400,False,kyòwó,NA1,False,K'Sante,13,4,4,2,7432,13710,6,2024-12-01 04:05:43.670,2024-12-01 04:05:59.095,2024-12-01 04:27:11.396,Giant's Belt,Tear of the Goddess,Bramble Vest,Plated Steelcaps,Iceborn Gauntlet,Kindlegem,Stealth Ward,Raja,Kha'Zix,JUNGLE,PLATINUM II,Youmuu's Ghostblade,Opportunity,Ionian Boots of Lucidity,Tunneler,Long Sword,Long Sword,Oracle Lens,voiters,LeBlanc,MIDDLE,Unranked,Needlessly Large Rod,Ionian Boots of Lucidity,Luden's Companion,Dark Seal,Stormsurge,Amplifying Tome,Stealth Ward,Bottom Fielder,Kai'Sa,BOTTOM,EMERALD IV,Statikk Shiv,Berserker's Greaves,Guinsoo's Rageblade,0,0,0,Stealth Ward,OdysseyLotus,Zyra,UTILITY,IRON IV,Zaz'Zak's Realmspike,Liandry's Torment,Amplifying Tome,Boots,Ruby Crystal,0,Oracle Lens,NewbornPeach,Urgot,TOP,SILVER I,Plated Steelcaps,Black Cleaver,Giant's Belt,Long Sword,Tiamat,Ruby Crystal,Stealth Ward,Stone76,Evelynn,JUNGLE,Unranked,0,Lich Bane,Sorcerer's Shoes,Control Ward,0,0,Oracle Lens,PizzywitaP,Qiyana,MIDDLE,EMERALD IV,Glowing Mote,Profane Hydra,Youmuu's Ghostblade,Ionian Boots of Lucidity,The Brutalizer,Long Sword,Oracle Lens,Chef BoiOrtiz,Vayne,BOTTOM,PLATINUM IV,Trinity Force,Statikk Shiv,Vampiric Scepter,Recurve Bow,0,Boots of Swiftness,Stealth Ward,Leunai,Sona,UTILITY,EMERALD IV,Moonstone Renewer,Echoes of Helia,Dream Maker,0,0,Boots,Oracle Lens,04:05:43.670000,04:05:59.095000,04:27:11.396000,6,12,2024
NA1_5169647509,CLASSIC,400,False,kyòwó,NA1,False,K'Sante,15,5,11,5,10991,25602,20,2024-12-01 03:25:20.440,2024-12-01 03:26:51.735,2024-12-01 04:00:20.359,Fimbulwinter,Thornmail,Negatron Cloak,Plated Steelcaps,Iceborn Gauntlet,Ruby Crystal,Stealth Ward,Nostealthlol,Nocturne,JUNGLE,Unranked,Experimental Hexplate,Stridebreaker,Sterak's Gage,Mercury's Treads,0,0,Oracle Lens,swagbiskit,Ryze,MIDDLE,GOLD IV,Seraph's Embrace,Morellonomicon,Rabadon's Deathcap,Sorcerer's Shoes,Luden's Companion,Amplifying Tome,Stealth Ward,ThatGuyCy,Jhin,BOTTOM,GOLD II,Vampiric Scepter,The Collector,Boots of Swiftness,Infinity Edge,Rapid Firecannon,Lord Dominik's Regards,Stealth Ward,Pantherkitty,Yuumi,UTILITY,SILVER IV,Dream Maker,Mikael's Blessing,Moonstone Renewer,Imperial Mandate,Glowing Mote,Faerie Charm,Oracle Lens,Oswald Cobblepot,Riven,TOP,Unranked,Death's Dance,Serylda's Grudge,Ionian Boots of Lucidity,Eclipse,Sundered Sky,Long Sword,Stealth Ward,Gabe2288,Vi,JUNGLE,Unranked,Black Cleaver,Death's Dance,Spectre's Cowl,Sundered Sky,Kindlegem,Plated Steelcaps,Oracle Lens,Sam1313,Cho'Gath,MIDDLE,Unranked,Chain Vest,Rod of Ages,Plated Steelcaps,Liandry's Torment,Riftmaker,Negatron Cloak,Stealth Ward,maelstrum,Kai'Sa,BOTTOM,BRONZE IV,Guinsoo's Rageblade,Zhonya's Hourglass,Statikk Shiv,Berserker's Greaves,Nashor's Tooth,Amplifying Tome,Stealth Ward,HarlEyQWinn,Zilean,UTILITY,Unranked,Zaz'Zak's Realmspike,Ionian Boots of Lucidity,Shurelya's Battlesong,Banshee's Veil,Oblivion Orb,Blasting Wand,Oracle Lens,03:25:20.440000,03:26:51.735000,04:00:20.359000,6,12,2024
NA1_5169407221,CLASSIC,400,False,kyòwó,NA1,True,K'Sante,10,1,1,0,3748,4961,4,2024-11-30 23:46:22.881,2024-11-30 23:48:21.858,2024-12-01 00:00:37.842,Doran's Shield,Tear of the Goddess,Chain Vest,Boots,Sheen,Ruby Crystal,Stealth Ward,BigBoiTonyyyyyyy,Zed,JUNGLE,EMERALD IV,Gustwalker Hatchling,Eclipse,0,0,0,Slightly Magical Footwear,Oracle Lens,Neekotine Addict,Ahri,MIDDLE,Unranked,Doran's Ring,Lost Chapter,0,Sorcerer's Shoes,0,0,Stealth Ward,pasteliamos,Caitlyn,BOTTOM,BRONZE III,Doran's Blade,The Collector,Dagger,0,0,Slightly Magical Footwear,Stealth Ward,FatalProteinFart,Morgana,UTILITY,Unranked,Haunting Guise,Runic Compass,Fated Ashes,Ionian Boots of Lucidity,Control Ward,Amplifying Tome,Oracle Lens,Foxygrandpa9519,Dr. Mundo,TOP,Unranked,Warmog's Armor,Doran's Shield,Slightly Magical Footwear,0,0,0,Stealth Ward,Goon Actual,Rengar,JUNGLE,Unranked,Gustwalker Hatchling,The Brutalizer,Long Sword,Long Sword,0,Boots,Oracle Lens,ThaTruth,Fizz,MIDDLE,Unranked,Lost Chapter,Doran's Ring,0,Boots,0,0,Stealth Ward,Keys4life,Aphelios,BOTTOM,EMERALD IV,Doran's Blade,The Collector,Boots,Dagger,0,0,Stealth Ward,왜 날 화나게 만드는것이야,Thresh,UTILITY,GOLD II,Runic Compass,Locket of the Iron Solari,Glowing Mote,0,Boots,0,Oracle Lens,23:46:22.881000,23:48:21.858000,00:00:37.842000,5,11,2024
NA1_5169363558,CLASSIC,400,False,kyòwó,NA1,True,K'Sante,17,7,5,8,11783,23587,11,2024-11-30 23:01:19.532,2024-11-30 23:03:15.755,2024-11-30 23:34:31.927,Plated Steelcaps,Bramble Vest,Fimbulwinter,Iceborn Gauntlet,Unending Despair,Negatron Cloak,Stealth Ward,Sally Guns,Shaco,JUNGLE,SILVER I,Ionian Boots of Lucidity,Blackfire Torch,Liandry's Torment,Blighting Jewel,Fiendish Codex,0,Oracle Lens,Datsyukian Deke,Kassadin,MIDDLE,Unranked,Dark Seal,Seraph's Embrace,Lost Chapter,Rod of Ages,Sorcerer's Shoes,0,Stealth Ward,TOPapdo,Ezreal,BOTTOM,GOLD I,Trinity Force,Ionian Boots of Lucidity,Muramana,Bloodthirster,Spear of Shojin,Control Ward,Farsight Alteration,Neekotine Addict,Neeko,UTILITY,Unranked,Zhonya's Hourglass,Hextech Rocketbelt,Zaz'Zak's Realmspike,Sorcerer's Shoes,Hextech Alternator,0,Oracle Lens,tri warrior,Ambessa,TOP,GOLD II,Sundered Sky,Eclipse,Plated Steelcaps,0,0,Black Cleaver,Stealth Ward,Janitor 349,Nunu & Willump,JUNGLE,Unranked,Hollow Radiance,Spirit Visage,Frozen Heart,Mercury's Treads,0,0,Stealth Ward,Taco Lord,Nasus,MIDDLE,GOLD III,Iceborn Gauntlet,Spirit Visage,Spear of Shojin,Warden's Mail,Glacial Buckler,Ionian Boots of Lucidity,Stealth Ward,OG Canez,Jhin,BOTTOM,Unranked,Doran's Blade,Infinity Edge,The Collector,Boots of Swiftness,Cloak of Agility,Executioner's Calling,Stealth Ward,romannoodles,Lux,UTILITY,Unranked,Zaz'Zak's Realmspike,Malignance,Stormsurge,Shadowflame,Sorcerer's Shoes,0,Oracle Lens,23:01:19.532000,23:03:15.755000,23:34:31.927000,5,11,2024
NA1_5252882075,CLASSIC,400,False,GummiNick,Help,True,Kayle,18,9,10,6,15572,34324,19,2025-03-24 02:59:09.763,2025-03-24 02:59:36.742,2025-03-24 03:35:00.910,Nashor's Tooth,Boots of Swiftness,Rabadon's Deathcap,Guinsoo's Rageblade,Doran's Blade,Amplifying Tome,Stealth Ward,mxrcus,Master Yi,JUNGLE,EMERALD II,Death's Dance,Blade of The Ruined King,Berserker's Greaves,Wit's End,Guardian Angel,Guinsoo's Rageblade,Oracle Lens,Crook,Sett,MIDDLE,GOLD III,Sterak's Gage,Stridebreaker,Swiftmarch,Blade of The Ruined King,Overlord's Bloodmail,0,Stealth Ward,Infore,Mel,BOTTOM,Unranked,Liandry's Torment,Needlessly Large Rod,Mejai's Soulstealer,Spellslinger's Shoes,Cosmic Drive,Seraph's Embrace,Farsight Alteration,Tclancey,Lux,UTILITY,GOLD IV,Zaz'Zak's Realmspike,Mejai's Soulstealer,Sorcerer's Shoes,Horizon Focus,Luden's Companion,Needlessly Large Rod,Farsight Alteration,go go fighting,Irelia,TOP,BRONZE II,Death's Dance,Blade of The Ruined King,Plated Steelcaps,Wit's End,Sundered Sky,Kraken Slayer,Stealth Ward,Original Yogurt,Lee Sin,JUNGLE,GOLD III,Sundered Sky,Eclipse,Tiamat,Maw of Malmortius,Mercury's Treads,Caulfield's Warhammer,Stealth Ward,BigDawg420,Akali,MIDDLE,EMERALD IV,Zhonya's Hourglass,Stormsurge,Shadowflame,Lich Bane,0,Sorcerer's Shoes,Stealth Ward,SlowStrokeKing,Miss Fortune,BOTTOM,SILVER II,Bloodthirster,Essence Reaver,Boots of Swiftness,Lord Dominik's Regards,Pickaxe,Cloak of Agility,Stealth Ward,Crypto Railor,Thresh,UTILITY,Unranked,Solstice Sleigh,Locket of the Iron Solari,Control Ward,Synchronized Souls,Frozen Heart,Kindlegem,Oracle Lens,02:59:09.763000,02:59:36.742000,03:35:00.910000,0,3,2025
NA1_5252866117,CLASSIC,400,False,GummiNick,Help,True,Sion,11,4,2,1,6338,8271,1,2025-03-24 02:38:19.401,2025-03-24 02:38:43.178,2025-03-24 02:53:55.077,Youmuu's Ghostblade,Caulfield's Warhammer,The Brutalizer,Boots of Swiftness,0,0,Stealth Ward,mxrcus,Diana,JUNGLE,EMERALD II,0,Liandry's Torment,Dark Seal,Sorcerer's Shoes,Ruby Crystal,Control Ward,Oracle Lens,twð,Talon,MIDDLE,Unranked,Youmuu's Ghostblade,Doran's Blade,Boots,Opportunity,0,0,Oracle Lens,Doetti,Mel,BOTTOM,Unranked,Doran's Ring,Luden's Companion,Needlessly Large Rod,Amplifying Tome,Health Potion,Slightly Magical Footwear,Stealth Ward,Premium Noodles,Soraka,UTILITY,Unranked,Dream Maker,Moonstone Renewer,Ionian Boots of Lucidity,0,0,0,Oracle Lens,Buhru Guru,Illaoi,TOP,Unranked,Tear of the Goddess,Spear of Shojin,Cloth Armor,0,Boots,0,Stealth Ward,luckyberserker,Tryndamere,JUNGLE,Unranked,Gustwalker Hatchling,Ravenous Hydra,Vampiric Scepter,0,0,0,Oracle Lens,Minato Aqua,LeBlanc,MIDDLE,Unranked,Doran's Ring,Luden's Companion,0,Dark Seal,0,0,Stealth Ward,KS RABATOU,Vayne,BOTTOM,Unranked,Doran's Blade,Wit's End,0,0,0,Berserker's Greaves,Stealth Ward,Mininia,Seraphine,UTILITY,Unranked,Dream Maker,Health Potion,Amplifying Tome,Giant's Belt,Boots,Blasting Wand,Oracle Lens,02:38:19.401000,02:38:43.178000,02:53:55.077000,0,3,2025
NA1_5252831940,CLASSIC,400,False,GummiNick,Help,False,Senna,17,0,7,12,10755,13166,72,2025-03-24 01:50:11.239,2025-03-24 01:51:34.175,2025-03-24 02:32:18.776,Black Cleaver,Bloodsong,Boots of Swiftness,Rapid Firecannon,B. F. Sword,Pickaxe,Oracle Lens,PitiKiki,Darius,TOP,PLATINUM III,Youmuu's Ghostblade,Chainlaced Crushers,The Collector,Rapid Firecannon,Infinity Edge,Dead Man's Plate,Stealth Ward,LeagueOfPetanque,Rengar,JUNGLE,Unranked,Ravenous Hydra,Eclipse,Chempunk Chainsword,Plated Steelcaps,Long Sword,Ruby Crystal,Oracle Lens,TuckyBones,Alistar,MIDDLE,GOLD IV,Cosmic Drive,Crimson Lucidity,Hextech Rocketbelt,Luden's Companion,Sheen,0,Stealth Ward,mxrcus,Jinx,BOTTOM,EMERALD II,B. F. Sword,Yun Tal Wildarrows,Berserker's Greaves,Runaan's Hurricane,Lord Dominik's Regards,Infinity Edge,Oracle Lens,YungStroker,Riven,TOP,Unranked,Steel Sigil,Berserker's Greaves,Black Cleaver,Eclipse,Sundered Sky,Caulfield's Warhammer,Stealth Ward,Capt CasperGeven,Skarner,JUNGLE,Unranked,Thornmail,Heartsteel,Plated Steelcaps,Unending Despair,"Jak'Sho, The Protean",0,Oracle Lens,KalistaOnlyPlz,Viktor,MIDDLE,Unranked,Seraph's Embrace,Zhonya's Hourglass,Blackfire Torch,Liandry's Torment,Needlessly Large Rod,Sorcerer's Shoes,Stealth Ward,Stizno,Sivir,BOTTOM,Unranked,Navori Flickerblade,Essence Reaver,Synchronized Souls,Infinity Edge,Lord Dominik's Regards,Statikk Shiv,Stealth Ward,Jamal,Fiddlesticks,UTILITY,Unranked,Rabadon's Deathcap,Zhonya's Hourglass,Malignance,Zaz'Zak's Realmspike,Sorcerer's Shoes,Control Ward,Scarecrow Effigy,01:50:11.239000,01:51:34.175000,02:32:18.776000,0,3,2025
NA1_5252800029,CLASSIC,400,False,GummiNick,Help,True,Alistar,14,2,6,22,8685,9385,49,2025-03-24 01:10:03.116,2025-03-24 01:10:36.051,2025-03-24 01:40:59.961,Locket of the Iron Solari,Solstice Sleigh,Boots of Swiftness,Zeke's Convergence,Chain Vest,Kindlegem,Oracle Lens,FutaLover69,Gwen,TOP,GOLD IV,Doran's Ring,Riftmaker,Sorcerer's Shoes,Nashor's Tooth,Rabadon's Deathcap,Shadowflame,Stealth Ward,ThonkEmoji,Briar,JUNGLE,Unranked,Chainlaced Crushers,Blade of The Ruined King,Black Cleaver,Death's Dance,Spectre's Cowl,Ruby Crystal,Stealth Ward,ZssSux,Ahri,MIDDLE,Unranked,Riftmaker,Control Ward,Dark Seal,Rod of Ages,Ionian Boots of Lucidity,0,Stealth Ward,mxrcus,Jhin,BOTTOM,EMERALD II,Infinity Edge,Doran's Blade,The Collector,Boots of Swiftness,Rapid Firecannon,Cloak of Agility,Farsight Alteration,Munzelle,Illaoi,TOP,Unranked,Fimbulwinter,Mercury's Treads,Spirit Visage,Pickaxe,Tunneler,0,Stealth Ward,KuntBag,Amumu,JUNGLE,Unranked,Sunfire Aegis,Liandry's Torment,Plated Steelcaps,Abyssal Mask,Giant's Belt,Chain Vest,Oracle Lens,cleborg,Hwei,MIDDLE,Unranked,Doran's Ring,Liandry's Torment,Sorcerer's Shoes,Blackfire Torch,Shadowflame,Blighting Jewel,Stealth Ward,Nasusonly,Draven,BOTTOM,Unranked,Bloodthirster,Berserker's Greaves,Infinity Edge,Noonquiver,Last Whisper,0,Farsight Alteration,H1N1,Pyke,UTILITY,Unranked,Umbral Glaive,Synchronized Souls,Edge of Night,0,Youmuu's Ghostblade,Bloodsong,Oracle Lens,01:10:03.116000,01:10:36.051000,01:40:59.961000,0,3,2025
NA1_5252772662,CLASSIC,420,True,DragonLordDrako,NA1,True,Kayn,1,0,0,0,551,89,0,2025-03-24 00:31:50.437,2025-03-24 00:32:19.518,2025-03-24 00:34:02.264,Gustwalker Hatchling,Health Potion,0,0,0,0,Stealth Ward,Monoestrou,Darius,TOP,SILVER I,Doran's Blade,Health Potion,0,0,0,0,Stealth Ward,lilSUS20,Galio,MIDDLE,GOLD IV,Doran's Ring,Health Potion,0,0,0,0,Stealth Ward,Gigaa,Vayne,BOTTOM,PLATINUM IV,Doran's Blade,Health Potion,0,0,0,0,Stealth Ward,Sushí Roll,Zilean,UTILITY,GOLD III,World Atlas,Health Potion,0,0,0,0,Stealth Ward,AltSlash,Yorick,TOP,SILVER II,Doran's Shield,Health Potion,0,0,0,0,Stealth Ward,Pelvashsa2,Kha'Zix,JUNGLE,SILVER II,0,0,0,0,0,0,0,One35,Vel'Koz,MIDDLE,PLATINUM III,Doran's Ring,Health Potion,0,0,0,0,Stealth Ward,AfterTeaGetCold,Corki,BOTTOM,GOLD II,Doran's Blade,Health Potion,0,0,0,0,Stealth Ward,kmctague,Milio,UTILITY,GOLD IV,World Atlas,Health Potion,0,0,0,0,Stealth Ward,00:31:50.437000,00:32:19.518000,00:34:02.264000,0,3,2025
NA1_5252744375,CLASSIC,420,True,DragonLordDrako,NA1,False,Kayn,16,3,12,6,11228,20018,32,2025-03-23 23:45:43.363,2025-03-23 23:46:07.601,2025-03-24 00:22:36.060,Sterak's Gage,Eclipse,Force of Nature,0,Mercury's Treads,0,Oracle Lens,BoleJ11,K'Sante,TOP,PLATINUM IV,Kaenic Rookern,Unending Despair,Mercury's Treads,"Jak'Sho, The Protean",Thornmail,0,Oracle Lens,Gigaa,Syndra,MIDDLE,PLATINUM IV,Void Staff,Luden's Companion,Sorcerer's Shoes,Stormsurge,Shadowflame,Needlessly Large Rod,Stealth Ward,wimpy shark,Caitlyn,BOTTOM,PLATINUM III,Doran's Blade,The Collector,Noonquiver,Berserker's Greaves,Infinity Edge,Rapid Firecannon,Farsight Alteration,SeaDucks,Morgana,UTILITY,PLATINUM IV,Zaz'Zak's Realmspike,Liandry's Torment,Control Ward,Banshee's Veil,Ionian Boots of Lucidity,Negatron Cloak,Oracle Lens,monkhouse,Mordekaiser,TOP,PLATINUM III,Riftmaker,Armored Advance,Rylai's Crystal Scepter,Fiendish Codex,Haunting Guise,0,Stealth Ward,Na Ranker Xin,Tryndamere,JUNGLE,PLATINUM I,Infinity Edge,Mercurial Scimitar,Yun Tal Wildarrows,Berserker's Greaves,Mortal Reminder,Recurve Bow,Oracle Lens,JoJoAds,Galio,MIDDLE,PLATINUM IV,Dead Man's Plate,Force of Nature,Mercury's Treads,Hollow Radiance,Spirit Visage,0,Farsight Alteration,beltran,Lux,BOTTOM,PLATINUM IV,Void Staff,Stormsurge,Seraph's Embrace,Luden's Companion,Rabadon's Deathcap,Spellslinger's Shoes,Oracle Lens,DaDragonDust,Leona,UTILITY,PLATINUM IV,Celestial Opposition,Locket of the Iron Solari,Shurelya's Battlesong,Sunfire Aegis,Swiftmarch,Dead Man's Plate,Oracle Lens,23:45:43.363000,23:46:07.601000,00:22:36.060000,6,3,2025
NA1_5252718021,CLASSIC,420,True,DragonLordDrako,NA1,True,Kayn,17,11,0,3,13534,17966,23,2025-03-23 23:01:09.193,2025-03-23 23:02:37.403,2025-03-23 23:31:08.506,Sterak's Gage,Voltaic Cyclosword,Black Cleaver,0,Armored Advance,0,Oracle Lens,Boxacus,Volibear,TOP,PLATINUM II,Hextech Rocketbelt,Cosmic Drive,Boots of Swiftness,Spirit Visage,Aegis of the Legion,Giant's Belt,Stealth Ward,Gigaa,Syndra,MIDDLE,PLATINUM IV,Doran's Ring,Luden's Companion,Sorcerer's Shoes,Shadowflame,Stormsurge,0,Stealth Ward,Janerik,Caitlyn,BOTTOM,Unranked,Doran's Blade,Yun Tal Wildarrows,The Collector,Berserker's Greaves,B. F. Sword,Cloak of Agility,Farsight Alteration,TheHarmacist,Swain,UTILITY,GOLD III,Zaz'Zak's Realmspike,Rylai's Crystal Scepter,Liandry's Torment,Sorcerer's Shoes,0,0,Oracle Lens,FilthyKnitter,Sett,TOP,GOLD III,Plated Steelcaps,Blade of The Ruined King,Ruby Crystal,Stridebreaker,0,0,Stealth Ward,indianparliament,Rengar,JUNGLE,PLATINUM IV,Last Whisper,Hubris,Profane Hydra,Boots,Noonquiver,0,Stealth Ward,im annie,Xerath,MIDDLE,PLATINUM IV,Doran's Ring,Luden's Companion,Shadowflame,Sorcerer's Shoes,Horizon Focus,Amplifying Tome,Farsight Alteration,im tibbers,Ezreal,BOTTOM,PLATINUM IV,Doran's Blade,Trinity Force,Muramana,0,Ionian Boots of Lucidity,0,Farsight Alteration,HulkaSmash,Soraka,UTILITY,PLATINUM IV,Dream Maker,Control Ward,Moonstone Renewer,Ionian Boots of Lucidity,Kindlegem,Forbidden Idol,Oracle Lens,23:01:09.193000,23:02:37.403000,23:31:08.506000,6,3,2025
NA1_5252668167,CLASSIC,420,True,DragonLordDrako,NA1,False,Kayn,16,4,11,6,12817,25556,30,2025-03-23 21:38:26.220,2025-03-23 21:38:50.145,2025-03-23 22:13:53.434,Black Cleaver,Eclipse,Maw of Malmortius,Cloth Armor,Chainlaced Crushers,Long Sword,Oracle Lens,Criheldtai,Trundle,TOP,PLATINUM IV,Ravenous Hydra,Trinity Force,Swiftmarch,Spirit Visage,Hullbreaker,Thornmail,Oracle Lens,Gigaa,LeBlanc,MIDDLE,PLATINUM IV,Dark Seal,Shadowflame,Luden's Companion,Stormsurge,Sorcerer's Shoes,0,Stealth Ward,Relone,Caitlyn,BOTTOM,GOLD IV,The Collector,Yun Tal Wildarrows,Berserker's Greaves,Infinity Edge,0,0,Farsight Alteration,come outside,Shaco,UTILITY,PLATINUM IV,Zaz'Zak's Realmspike,Blackfire Torch,Lost Chapter,Ionian Boots of Lucidity,Liandry's Torment,0,Oracle Lens,Renagado,Yasuo,TOP,GOLD I,Blade of The Ruined King,Stridebreaker,Berserker's Greaves,Mortal Reminder,Immortal Shieldbow,Steel Sigil,Farsight Alteration,MUHYUNintheJG,Nunu & Willump,JUNGLE,PLATINUM IV,Dead Man's Plate,Liandry's Torment,Kaenic Rookern,Cloth Armor,Sorcerer's Shoes,Thornmail,Oracle Lens,SpaceJamJR,Syndra,MIDDLE,GOLD I,Doran's Ring,Zhonya's Hourglass,Stormsurge,Boots of Swiftness,Luden's Companion,Rabadon's Deathcap,Stealth Ward,DHY21,Ezreal,BOTTOM,GOLD I,Muramana,Serylda's Grudge,Trinity Force,Ionian Boots of Lucidity,Executioner's Calling,Spear of Shojin,Farsight Alteration,Chowdeer,Zyra,UTILITY,PLATINUM III,Zaz'Zak's Realmspike,Liandry's Torment,Sorcerer's Shoes,Dark Seal,Rylai's Crystal Scepter,Rabadon's Deathcap,Oracle Lens,21:38:26.220000,21:38:50.145000,22:13:53.434000,6,3,2025
NA1_5252989717,CLASSIC,400,False,mxrcus,6044,False,Xayah,13,4,8,9,10446,22671,12,2025-03-24 05:54:36.665,2025-03-24 05:55:18.113,2025-03-24 06:21:35.808,Infinity Edge,Essence Reaver,Berserker's Greaves,Navori Flickerblade,0,0,Stealth Ward,Tarik Torgaddon,Sion,TOP,SILVER I,Sunfire Aegis,Heartsteel,Plated Steelcaps,Unending Despair,Cloth Armor,0,Stealth Ward,Garviel Loken,Fiddlesticks,JUNGLE,GOLD I,Shadowflame,Sorcerer's Shoes,Blasting Wand,Liandry's Torment,Amplifying Tome,Cloth Armor,Scarecrow Effigy,H0meLaner,Ekko,MIDDLE,GOLD IV,Doran's Ring,Sorcerer's Shoes,Lich Bane,Shadowflame,Needlessly Large Rod,0,Stealth Ward,WakeMeUpInside,Katarina,UTILITY,SILVER I,Bloodsong,Nashor's Tooth,Shadowflame,Sorcerer's Shoes,Long Sword,0,Oracle Lens,Syphilas,Sylas,MIDDLE,EMERALD IV,Blighting Jewel,Rabadon's Deathcap,Dark Seal,Blackfire Torch,Liandry's Torment,Mercury's Treads,Farsight Alteration,Maximus,Amumu,JUNGLE,IRON I,Abyssal Mask,Liandry's Torment,Chainlaced Crushers,Bramble Vest,Chain Vest,Ruby Crystal,Oracle Lens,Robot Bubble,Tahm Kench,TOP,PLATINUM III,Heartsteel,Bramble Vest,Unending Despair,Warden's Mail,Doran's Shield,Mercury's Treads,Stealth Ward,SquashySnorlax,Miss Fortune,BOTTOM,PLATINUM II,0,Doran's Blade,Serrated Dirk,Gunmetal Greaves,Bloodthirster,Essence Reaver,Farsight Alteration,FuzzyLogik,Leona,UTILITY,Unranked,Bounty of Worlds,Plated Steelcaps,Locket of the Iron Solari,Kindlegem,Chain Vest,Control Ward,Oracle Lens,05:54:36.665000,05:55:18.113000,06:21:35.808000,0,3,2025
NA1_5252967922,CLASSIC,400,False,mxrcus,6044,True,Diana,18,11,1,2,14320,21605,22,2025-03-24 05:07:54.619,2025-03-24 05:08:18.174,2025-03-24 05:37:22.170,Seeker's Armguard,Riftmaker,Mejai's Soulstealer,Liandry's Torment,Plated Steelcaps,Needlessly Large Rod,Oracle Lens,WheatyWieldy,Rek'Sai,TOP,GOLD I,Doran's Shield,Plated Steelcaps,Eclipse,Black Cleaver,Winged Moonplate,Tunneler,Stealth Ward,Tigerof2000,Dr. Mundo,MIDDLE,GOLD I,Heartsteel,Warmog's Armor,Warden's Mail,Boots of Swiftness,Giant's Belt,Titanic Hydra,Farsight Alteration,Almost2020Vision,Veigar,BOTTOM,Unranked,Doran's Ring,Shurelya's Battlesong,Rabadon's Deathcap,Trailblazer,Mejai's Soulstealer,Synchronized Souls,Oracle Lens,Estay,Nami,UTILITY,Unranked,Dream Maker,Mejai's Soulstealer,Imperial Mandate,Crimson Lucidity,Fiendish Codex,Forbidden Idol,Oracle Lens,CherryBomber1,Smolder,TOP,Unranked,Iceborn Gauntlet,Muramana,Rapid Firecannon,Ionian Boots of Lucidity,Amplifying Tome,0,Stealth Ward,ZegONE,Naafiri,JUNGLE,Unranked,Profane Hydra,Eclipse,Long Sword,Glowing Mote,Long Sword,Mercury's Treads,Oracle Lens,BeastFridge,Akshan,MIDDLE,DIAMOND IV,Mortal Reminder,Statikk Shiv,Synchronized Souls,The Collector,Cloak of Agility,Pickaxe,Stealth Ward,Kuhnzy,Jhin,BOTTOM,PLATINUM IV,Rapid Firecannon,The Collector,Boots of Swiftness,B. F. Sword,0,0,Stealth Ward,lost origin,Swain,UTILITY,BRONZE I,Celestial Opposition,Heartsteel,Boots of Swiftness,Control Ward,Aegis of the Legion,Giant's Belt,Oracle Lens,05:07:54.619000,05:08:18.174000,05:37:22.170000,0,3,2025
NA1_5252779708,CLASSIC,400,False,Once,NA1,False,Lux,18,5,5,17,12430,44103,100,2025-03-24 00:40:22.086,2025-03-24 00:40:49.793,2025-03-24 01:21:52.544,Zaz'Zak's Realmspike,Rabadon's Deathcap,Sorcerer's Shoes,0,Luden's Companion,Shadowflame,Oracle Lens,Ole Slewfoot,Irelia,TOP,PLATINUM I,Kraken Slayer,Blade of The Ruined King,Hullbreaker,Wit's End,Death's Dance,Sundered Sky,Stealth Ward,Odious Orison,Diana,JUNGLE,GOLD III,Unending Despair,Liandry's Torment,Riftmaker,Abyssal Mask,Sorcerer's Shoes,Haunting Guise,Oracle Lens,CLG Zephyr,Shen,MIDDLE,PLATINUM IV,Dead Man's Plate,Hollow Radiance,Titanic Hydra,Mercury's Treads,Bramble Vest,0,Stealth Ward,NotPeachy,Xayah,BOTTOM,GOLD IV,Essence Reaver,Navori Flickerblade,Lord Dominik's Regards,Infinity Edge,B. F. Sword,Berserker's Greaves,Stealth Ward,clappa2k,Vi,TOP,GOLD IV,The Collector,Infinity Edge,Lord Dominik's Regards,Immortal Shieldbow,Forever Forward,Glowing Mote,Oracle Lens,PopePae,Graves,JUNGLE,Unranked,Guardian Angel,Maw of Malmortius,Bloodthirster,Chainlaced Crushers,Serpent's Fang,The Collector,Oracle Lens,qtpatutie,Cho'Gath,MIDDLE,SILVER IV,Unending Despair,Rod of Ages,Swiftmarch,Heartsteel,Riftmaker,Chain Vest,Stealth Ward,Spengarr,Ezreal,BOTTOM,BRONZE II,Muramana,Trinity Force,Crimson Lucidity,Spear of Shojin,B. F. Sword,Vampiric Scepter,Farsight Alteration,albone,Vel'Koz,UTILITY,Unranked,Spellslinger's Shoes,0,Zaz'Zak's Realmspike,Luden's Companion,Shadowflame,Horizon Focus,Oracle Lens,00:40:22.086000,00:40:49.793000,01:21:52.544000,0,3,2025
NA1_5252668824,CLASSIC,400,False,Once,NA1,False,Lux,16,4,5,14,10957,28116,68,2025-03-23 21:37:21.075,2025-03-23 21:37:44.893,2025-03-23 22:11:30.857,Zaz'Zak's Realmspike,Needlessly Large Rod,Shadowflame,Spellslinger's Shoes,Oblivion Orb,Luden's Companion,Oracle Lens,Unspin to Win,Nasus,TOP,Unranked,"Jak'Sho, The Protean",Refillable Potion,Thornmail,Armored Advance,B. F. Sword,0,Stealth Ward,Inarius,Vi,JUNGLE,BRONZE II,The Collector,Eclipse,Chainlaced Crushers,Lord Dominik's Regards,B. F. Sword,Pickaxe,Oracle Lens,Gakkari,Qiyana,MIDDLE,PLATINUM IV,Doran's Blade,Profane Hydra,Hubris,Crimson Lucidity,Caulfield's Warhammer,Last Whisper,Stealth Ward,GrimGwen,Gwen,BOTTOM,Unranked,Hextech Alternator,Riftmaker,Mercury's Treads,Nashor's Tooth,Rabadon's Deathcap,Needlessly Large Rod,Stealth Ward,C9 Flareon,Jax,TOP,BRONZE II,Sterak's Gage,Wit's End,Trinity Force,Mercury's Treads,Sundered Sky,Tunneler,Stealth Ward,Grimul,Volibear,JUNGLE,BRONZE III,Spirit Visage,Rod of Ages,Mercury's Treads,Frozen Heart,Cloak of Agility,Dagger,Oracle Lens,IIlllIIlIIlIIIl,Yasuo,MIDDLE,Unranked,Long Sword,Blade of The Ruined King,Doran's Blade,Kraken Slayer,Phantom Dancer,Berserker's Greaves,Stealth Ward,Joe With The Flo,Swain,BOTTOM,SILVER II,Fimbulwinter,Liandry's Torment,Sorcerer's Shoes,Rylai's Crystal Scepter,Kindlegem,Oblivion Orb,Stealth Ward,Pulverino,Ashe,UTILITY,SILVER IV,Zaz'Zak's Realmspike,Imperial Mandate,Malignance,Ionian Boots of Lucidity,Haunting Guise,Amplifying Tome,Oracle Lens,21:37:21.075000,21:37:44.893000,22:11:30.857000,6,3,2025
NA1_5252567537,CLASSIC,400,False,Once,NA1,False,Lux,15,6,6,12,10554,26366,68,2025-03-23 18:34:24.775,2025-03-23 18:35:42.337,2025-03-23 19:08:38.391,Zaz'Zak's Realmspike,Luden's Companion,Sorcerer's Shoes,0,Needlessly Large Rod,Shadowflame,Oracle Lens,EviLZ3rO,Shen,TOP,Unranked,Titanic Hydra,Plated Steelcaps,Thornmail,Sunfire Aegis,Giant's Belt,Doran's Shield,Stealth Ward,PaIeFox,Lillia,JUNGLE,Unranked,Blackfire Torch,Sorcerer's Shoes,Cosmic Drive,Fiendish Codex,Haunting Guise,0,Oracle Lens,Fethma,Orianna,MIDDLE,Unranked,Rabadon's Deathcap,Shattered Armguard,Luden's Companion,Shadowflame,Sorcerer's Shoes,0,Farsight Alteration,milkiii,Lucian,BOTTOM,Unranked,Lord Dominik's Regards,Essence Reaver,Berserker's Greaves,Navori Flickerblade,Infinity Edge,Vampiric Scepter,Farsight Alteration,Vampire Fangs,Akshan,TOP,Unranked,Lord Dominik's Regards,Hubris,Gunmetal Greaves,The Collector,Infinity Edge,Pickaxe,Stealth Ward,chumphant,Bel'Veth,JUNGLE,Unranked,Mercury's Treads,Stridebreaker,Wit's End,Kindlegem,Kraken Slayer,Phage,Oracle Lens,Nyx ES,Yasuo,MIDDLE,GOLD III,Infinity Edge,Death's Dance,Blade of The Ruined King,Doran's Shield,Pickaxe,Berserker's Greaves,Stealth Ward,StrangeFatality,Jinx,BOTTOM,BRONZE II,Doran's Blade,The Collector,Kraken Slayer,Tear of the Goddess,Gunmetal Greaves,Last Whisper,Oracle Lens,JewWorldOrder,Xerath,UTILITY,SILVER IV,Horizon Focus,Zaz'Zak's Realmspike,Spellslinger's Shoes,Luden's Companion,Dark Seal,Shadowflame,Farsight Alteration,18:34:24.775000,18:35:42.337000,19:08:38.391000,6,3,2025
NA1_5252112217,CLASSIC,400,False,Once,NA1,False,Lux,14,2,9,12,9384,21969,85,2025-03-23 00:00:11.814,2025-03-23 00:00:39.047,2025-03-23 00:38:14.792,Zaz'Zak's Realmspike,Luden's Companion,Shadowflame,0,0,Sorcerer's Shoes,Oracle Lens,Heuney,Garen,TOP,BRONZE I,Stridebreaker,Berserker's Greaves,Force of Nature,Hullbreaker,Phantom Dancer,Dead Man's Plate,Stealth Ward,Ramaza,Lee Sin,JUNGLE,EMERALD IV,Control Ward,Long Sword,Sterak's Gage,Sundered Sky,Eclipse,Mercury's Treads,Stealth Ward,Melinoë,Galio,MIDDLE,SILVER IV,Liandry's Torment,Hollow Radiance,Cloth Armor,Shattered Armguard,Null-Magic Mantle,Mercury's Treads,Stealth Ward,Kaattt,Caitlyn,BOTTOM,IRON I,Doran's Blade,Berserker's Greaves,The Collector,Rapid Firecannon,Lord Dominik's Regards,Long Sword,Stealth Ward,Sniperwolf,K'Sante,TOP,BRONZE III,"Jak'Sho, The Protean",Iceborn Gauntlet,Plated Steelcaps,Fimbulwinter,Warden's Mail,0,Stealth Ward,The Little Paws,Shaco,JUNGLE,Unranked,Liandry's Torment,Blackfire Torch,Spellslinger's Shoes,Shadowflame,0,0,Oracle Lens,A Legit Cat,Aurora,MIDDLE,Unranked,Doran's Ring,Luden's Companion,Spellslinger's Shoes,Liandry's Torment,Shadowflame,Needlessly Large Rod,Stealth Ward,Chris Hansen,Ezreal,BOTTOM,Unranked,Trinity Force,Muramana,Chainlaced Crushers,Serylda's Grudge,Spear of Shojin,Doran's Blade,Stealth Ward,RaínSongs,Zyra,UTILITY,SILVER IV,Zaz'Zak's Realmspike,Blackfire Torch,Spellslinger's Shoes,Rylai's Crystal Scepter,Oblivion Orb,Haunting Guise,Oracle Lens,00:00:11.814000,00:00:39.047000,00:38:14.792000,6,3,2025
NA1_5252828813,CLASSIC,400,False,KarnNaval,NA1,False,Irelia,11,2,4,0,5616,7615,8,2025-03-24 01:44:06.464,2025-03-24 01:44:54.824,2025-03-24 02:01:05.853,Blade of The Ruined King,Doran's Shield,Plated Steelcaps,Dagger,0,0,Stealth Ward,Kuromi Doll,Nunu & Willump,JUNGLE,Unranked,Gustwalker Hatchling,Fated Ashes,Amplifying Tome,Plated Steelcaps,Bramble Vest,Cloth Armor,Stealth Ward,TrashieTea,Naafiri,MIDDLE,GOLD III,Doran's Blade,Youmuu's Ghostblade,Refillable Potion,Ionian Boots of Lucidity,Last Whisper,Long Sword,Stealth Ward,GoontasticFreak,Miss Fortune,BOTTOM,Unranked,Berserker's Greaves,Doran's Blade,Vampiric Scepter,Pickaxe,0,0,Stealth Ward,nyago,Bard,UTILITY,BRONZE IV,Zaz'Zak's Realmspike,Kindlegem,Synchronized Souls,Forbidden Idol,0,0,Oracle Lens,NA John Wick,Jax,TOP,Unranked,Doran's Blade,Blade of The Ruined King,Cloth Armor,Boots,0,0,Stealth Ward,SvckMe0ff,Kayn,JUNGLE,Unranked,Scorchclaw Pup,Eclipse,Pickaxe,Ionian Boots of Lucidity,0,0,Oracle Lens,Wilting,Vel'Koz,MIDDLE,Unranked,Doran's Ring,Boots,Blackfire Torch,Amplifying Tome,Amplifying Tome,Needlessly Large Rod,Farsight Alteration,Faathertrox,Aatrox,BOTTOM,BRONZE II,Doran's Shield,Voltaic Cyclosword,Plated Steelcaps,Ruby Crystal,Long Sword,0,Stealth Ward,toasterbutreally,Pantheon,UTILITY,Unranked,Bloodsong,Youmuu's Ghostblade,Plated Steelcaps,Phage,0,0,Oracle Lens,01:44:06.464000,01:44:54.824000,02:01:05.853000,0,3,2025
